model,accuracy,precision,recall,f1,roc_auc
GradientBoosting,1.0,1.0,1.0,1.0,1.0
RandomForest,0.9918729785611798,1.0,0.9780810776545705,0.9889052192460805,0.9998292864698175
SVC,0.9122824192896639,0.9195032464587232,0.8192053210998967,0.8652647022293868,0.9747055605217694
LogisticRegression,0.8994984007597544,0.8166746910878697,0.915761086839051,0.8622163625239214,0.9574266486474631
KNN,0.8501354176992454,0.882291808229524,0.6780294618505558,0.7624780546785577,0.8943904614380813
